item_id,dataset,task_type,seed,context_length,context_length_bucket,num_images,needle_idx_in_images,placed_depth,correct_choice,num_choices,seq_len,gold_counts,gold_sum,bf16_pred,bf16_correct,bf16_margin,f4_pred,f4_correct,f4_margin,f9_pred,f9_correct,f9_margin,sj_pred,sj_correct,sj_margin,s4_pred,s4_correct,s4_margin,q7_pred,q7_correct,q7_margin,pagelocal_pred,pagelocal_correct,pagelocal_margin,q7_needle_in_active_layer_mean,q7_needle_rank_median,q7_page_read_fraction,f9_effective_kv_bits,f9_sidecode_token_frac,pagelocal_effective_kv_bits,bf16_valid_format,bf16_length_match,bf16_sum_match,bf16_soft_accuracy,bf16_predicted_length,f4_valid_format,f4_length_match,f4_sum_match,f4_soft_accuracy,f4_predicted_length,f9_valid_format,f9_length_match,f9_sum_match,f9_soft_accuracy,f9_predicted_length,sj_valid_format,sj_length_match,sj_sum_match,sj_soft_accuracy,sj_predicted_length,s4_valid_format,s4_length_match,s4_sum_match,s4_soft_accuracy,s4_predicted_length,q7_valid_format,q7_length_match,q7_sum_match,q7_soft_accuracy,q7_predicted_length,pagelocal_valid_format,pagelocal_length_match,pagelocal_sum_match,pagelocal_soft_accuracy,pagelocal_predicted_length
250,MM-NIAH,retrieval-image,0,18146,long,9,1,0.23,1,4,14288,,,0,False,-1.07142835855484,1,True,2.857142448425293,0,False,-1.309524416923523,0,False,-1.3095244765281677,0,False,-0.9523811340332031,3,False,-0.7142848968505859,0,False,-1.0714292526245117,0.17857142857142858,6.0,0.3333333333333333,4.75,1.0,4.0,,,,,,,,,,,,,,,,,,,,,,,,,,,,,,,,,,,
253,MM-NIAH,retrieval-image,0,18290,long,9,1,0.25,0,4,14198,,,0,True,0.3571434020996094,0,True,1.1309528350830078,0,True,0.47619056701660156,0,True,0.7142848968505859,0,True,0.47619062662124634,2,False,-0.3571434020996094,0,True,0.35714244842529297,0.07142857142857142,4.5,0.3333333333333333,4.75,1.0,4.0,,,,,,,,,,,,,,,,,,,,,,,,,,,,,,,,,,,
254,MM-NIAH,retrieval-image,0,15070,long,8,0,0.16,3,4,11486,,,0,False,-0.23809432983398438,1,False,-2.2023820877075195,0,False,0.0,3,True,0.23809432983398438,3,True,0.23809432983398438,3,True,0.7142848968505859,0,False,-2.2023813724517822,0.07142857142857142,5.0,0.25,4.75,1.0,4.0,,,,,,,,,,,,,,,,,,,,,,,,,,,,,,,,,,,
255,MM-NIAH,retrieval-image,0,17319,long,9,2,0.2,2,4,13233,,,0,False,-0.9523810744285583,0,False,-2.0833330154418945,0,False,-0.5952377319335938,0,False,-0.7142848968505859,0,False,-0.23809432983398438,0,False,0.0,3,False,-1.1904752254486084,0.8571428571428571,1.0,0.3333333333333333,4.75,1.0,4.0,,,,,,,,,,,,,,,,,,,,,,,,,,,,,,,,,,,
256,MM-NIAH,retrieval-image,0,16114,long,8,1,0.17,2,4,13037,,,0,False,-1.1904754042625427,1,False,-1.5178565979003906,0,False,-1.3095245957374573,0,False,-2.0238094329833984,0,False,-0.11904716491699219,2,True,0.11904716491699219,0,False,-0.3571434020996094,0.6071428571428571,1.0,0.25,4.75,1.0,4.0,,,,,,,,,,,,,,,,,,,,,,,,,,,,,,,,,,,
257,MM-NIAH,retrieval-image,0,20294,long,10,3,0.22,3,4,15307,,,3,True,0.11904716491699219,0,False,-0.6547613143920898,0,False,0.0,0,False,0.0,0,False,-0.11904716491699219,1,False,-0.5952377319335938,0,False,-2.1577377319335938,0.6071428571428571,2.0,0.3,4.75,1.0,4.0,,,,,,,,,,,,,,,,,,,,,,,,,,,,,,,,,,,
258,MM-NIAH,retrieval-image,0,17337,long,9,0,0.07,0,4,13137,,,0,True,0.3571434020996094,0,True,0.9523811340332031,0,True,0.3571434020996094,0,True,0.4761905074119568,1,False,-0.47619056701660156,1,False,-0.8333339691162109,1,False,-0.73828125,0.5357142857142857,1.5,0.3333333333333333,4.75,1.0,4.0,,,,,,,,,,,,,,,,,,,,,,,,,,,,,,,,,,,
259,MM-NIAH,retrieval-image,0,20294,long,10,1,0.07,2,4,15307,,,0,False,0.0,3,False,-1.7261905670166016,2,True,0.11904716491699219,2,True,0.23809432983398438,3,False,-0.11904716491699219,0,False,-0.47619056701660156,1,False,-0.47619056701660156,0.0,7.5,0.3,4.75,1.0,4.0,,,,,,,,,,,,,,,,,,,,,,,,,,,,,,,,,,,
260,MM-NIAH,retrieval-image,0,15434,long,8,0,0.11,2,4,11668,,,0,False,-0.7142848968505859,0,False,-0.654761791229248,3,False,-1.0714282393455505,0,False,-1.5476189255714417,3,False,-1.0714282989501953,3,False,-0.7142848968505859,1,False,-1.4285717010498047,0.10714285714285714,6.0,0.25,4.75,1.0,4.0,,,,,,,,,,,,,,,,,,,,,,,,,,,,,,,,,,,
262,MM-NIAH,retrieval-image,0,16658,long,8,1,0.1,3,4,13010,,,3,True,3.5714282169938087,1,False,-4.047619819641113,3,True,2.619047150015831,3,True,2.8571435064077377,3,True,0.7142848968505859,3,True,2.1428565979003906,1,False,-3.5213546752929688,0.0,5.0,0.25,4.75,1.0,4.0,,,,,,,,,,,,,,,,,,,,,,,,,,,,,,,,,,,
263,MM-NIAH,retrieval-image,0,18426,long,9,0,0.16,0,4,14141,,,1,False,-0.47619056701660156,1,False,-1.1309518814086914,1,False,-1.0714282989501953,1,False,-0.8333339691162109,1,False,-1.5476188659667969,1,False,-1.5476189255714417,0,True,1.2499990463256836,0.2857142857142857,5.0,0.3333333333333333,4.75,1.0,4.0,,,,,,,,,,,,,,,,,,,,,,,,,,,,,,,,,,,
269,MM-NIAH,retrieval-image,0,17593,long,9,3,0.37,2,4,12919,,,2,True,2.2619036734104156,2,True,0.35714244842529297,2,True,1.9047623574733734,2,True,1.9047622382640839,2,True,1.1904773712158203,2,True,0.9523792862892151,2,True,0.23809432983398438,0.39285714285714285,3.0,0.3333333333333333,4.75,1.0,4.0,,,,,,,,,,,,,,,,,,,,,,,,,,,,,,,,,,,
272,MM-NIAH,retrieval-image,0,15321,long,8,3,0.43,3,4,12050,,,3,True,0.9523811936378479,0,False,-3.452381134033203,3,True,0.3571434020996094,3,True,0.4761905074119568,3,True,0.7142868638038635,3,True,0.11904716491699219,0,False,-4.702381134033203,0.03571428571428571,5.0,0.25,4.75,1.0,4.0,,,,,,,,,,,,,,,,,,,,,,,,,,,,,,,,,,,
273,MM-NIAH,retrieval-image,0,17631,long,9,5,0.51,2,4,13201,,,2,True,0.11904716491699219,3,False,-0.41666698455810547,2,True,0.119049072265625,3,False,-0.23809432983398438,0,False,0.0,2,True,0.0,3,False,-0.7142848968505859,0.21428571428571427,4.5,0.3333333333333333,4.75,1.0,4.0,,,,,,,,,,,,,,,,,,,,,,,,,,,,,,,,,,,
274,MM-NIAH,retrieval-image,0,18293,long,9,4,0.43,1,4,14417,,,1,True,1.7857131958007812,0,False,-0.9523806571960449,1,True,0.47619056701660156,1,True,1.0714302062988281,1,True,1.0714282393455505,1,True,0.3571434020996094,1,True,0.0,0.14285714285714285,4.0,0.3333333333333333,4.75,1.0,4.0,,,,,,,,,,,,,,,,,,,,,,,,,,,,,,,,,,,
275,MM-NIAH,retrieval-image,0,18375,long,9,4,0.54,2,4,14047,,,0,False,-0.23809432983398438,1,False,-0.892857551574707,0,False,-0.119049072265625,0,False,0.0,0,False,-0.11904716491699219,3,False,-0.47619056701660156,0,False,-0.119049072265625,0.75,1.0,0.3333333333333333,4.75,1.0,4.0,,,,,,,,,,,,,,,,,,,,,,,,,,,,,,,,,,,
279,MM-NIAH,retrieval-image,0,19884,long,10,5,0.51,1,4,14502,,,1,True,0.8333320021629333,1,True,1.6071434020996094,1,True,1.1904754638671875,1,True,1.1904754340648651,3,False,-0.47619056701660156,1,True,0.7142868041992188,1,True,0.0,0.10714285714285714,7.0,0.3,4.75,1.0,4.0,,,,,,,,,,,,,,,,,,,,,,,,,,,,,,,,,,,
280,MM-NIAH,retrieval-image,0,19306,long,10,5,0.62,0,4,14708,,,0,True,0.47619056701660156,0,True,0.625,0,True,0.8333339691162109,0,True,0.7142848372459412,0,True,0.0,1,False,-1.6666660904884338,2,False,-0.9187507629394531,0.4642857142857143,3.0,0.3,4.75,1.0,4.0,,,,,,,,,,,,,,,,,,,,,,,,,,,,,,,,,,,
281,MM-NIAH,retrieval-image,0,16131,long,8,4,0.66,2,4,12635,,,2,True,0.47619056701660156,3,False,-0.1153268814086914,2,True,0.9523811340332031,2,True,1.0714282393455505,2,True,1.666666030883789,2,True,1.3095226287841797,0,False,-1.5476188659667969,0.14285714285714285,5.0,0.25,4.75,1.0,4.0,,,,,,,,,,,,,,,,,,,,,,,,,,,,,,,,,,,
282,MM-NIAH,retrieval-image,0,15743,long,8,5,0.68,3,4,12056,,,3,True,1.6666679084300995,1,False,-2.8323802947998047,3,True,1.3095226883888245,3,True,0.7142868638038635,3,True,0.4761905074119568,3,True,0.7142848372459412,0,False,-3.114957809448242,0.03571428571428571,4.5,0.25,4.75,1.0,4.0,,,,,,,,,,,,,,,,,,,,,,,,,,,,,,,,,,,
283,MM-NIAH,retrieval-image,0,16568,long,8,4,0.65,1,4,12697,,,3,False,-1.785715103149414,1,True,1.6666672229766846,3,False,-2.619047164916992,2,False,-2.380952775478363,2,False,-1.428569734096527,3,False,-1.5476188659667969,1,True,1.1458320617675781,0.0,7.0,0.25,4.75,1.0,4.0,,,,,,,,,,,,,,,,,,,,,,,,,,,,,,,,,,,
284,MM-NIAH,retrieval-image,0,17131,long,9,6,0.7,0,4,13287,,,0,True,3.9285718128085136,1,False,-0.36086273193359375,0,True,4.166668139398098,0,True,4.0476207584142685,0,True,4.047620642930269,0,True,3.3333340510725975,0,True,0.47619056701660156,0.8214285714285714,0.0,0.3333333333333333,4.75,1.0,4.0,,,,,,,,,,,,,,,,,,,,,,,,,,,,,,,,,,,
285,MM-NIAH,retrieval-image,0,19031,long,10,7,0.74,1,4,14534,,,1,True,1.3095245361328125,1,True,0.28824615478515625,1,True,0.7142848968505859,1,True,0.9523811340332031,1,True,0.47619056701660156,1,True,0.7142848968505859,1,True,0.0,0.32142857142857145,3.0,0.3,4.75,1.0,4.0,,,,,,,,,,,,,,,,,,,,,,,,,,,,,,,,,,,
286,MM-NIAH,retrieval-image,0,19091,long,9,6,0.66,1,4,15464,,,1,True,0.23809432983398438,0,False,-1.0714282989501953,1,True,0.0,1,True,0.11904716491699219,1,True,0.2380962371826172,1,True,0.47618865966796875,1,True,2.083333969116211,0.25,4.0,0.3333333333333333,4.75,1.0,4.0,,,,,,,,,,,,,,,,,,,,,,,,,,,,,,,,,,,
287,MM-NIAH,retrieval-image,0,17672,long,9,5,0.63,2,4,13509,,,0,False,-0.5952377319335938,1,False,-3.392857551574707,1,False,-0.2380962371826172,0,False,-0.119049072265625,3,False,-0.3571434020996094,1,False,-0.35714149475097656,0,False,-0.3571434020996094,0.03571428571428571,7.0,0.3333333333333333,4.75,1.0,4.0,,,,,,,,,,,,,,,,,,,,,,,,,,,,,,,,,,,
288,MM-NIAH,retrieval-image,0,20087,long,10,7,0.69,2,4,15812,,,0,False,-0.595237672328949,1,False,-1.6424827575683594,3,False,-0.2380962371826172,3,False,-0.35714149475097656,3,False,-0.47619056701660156,3,False,-0.7142848968505859,2,True,0.23809432983398438,0.10714285714285714,4.0,0.3,4.75,1.0,4.0,,,,,,,,,,,,,,,,,,,,,,,,,,,,,,,,,,,
289,MM-NIAH,retrieval-image,0,16381,long,8,5,0.67,1,4,12568,,,3,False,-0.7142848968505859,1,True,0.6547613143920898,2,False,-0.11904716491699219,3,False,-0.47619056701660156,1,True,0.2380962371826172,1,True,0.8333339095115662,0,False,-2.083333969116211,0.0,7.0,0.25,4.75,1.0,4.0,,,,,,,,,,,,,,,,,,,,,,,,,,,,,,,,,,,
290,MM-NIAH,retrieval-image,0,16509,long,8,6,0.8,1,4,12607,,,1,True,3.690475568175316,0,False,-0.2976188659667969,1,True,3.8095245994627476,1,True,3.928571719676256,1,True,3.6904754005372524,1,True,3.3333340510725975,2,False,-0.12714767456054688,0.17857142857142858,2.5,0.25,4.75,1.0,4.0,,,,,,,,,,,,,,,,,,,,,,,,,,,,,,,,,,,
291,MM-NIAH,retrieval-image,0,19256,long,9,8,0.88,3,4,14639,,,3,True,4.166666112840176,0,False,-4.642857074737549,3,True,4.642856627702713,3,True,4.047618940472603,3,True,4.166665822267532,3,True,4.761903526261449,1,False,-1.1458320617675781,0.5357142857142857,2.0,0.3333333333333333,4.75,1.0,4.0,,,,,,,,,,,,,,,,,,,,,,,,,,,,,,,,,,,
292,MM-NIAH,retrieval-image,0,19315,long,10,8,0.84,0,4,14310,,,0,True,1.4285717606544495,0,True,0.2789039611816406,0,True,0.9523811340332031,0,True,1.1904754638671875,1,False,-0.11904716491699219,1,False,-0.7142848968505859,1,False,-0.18046951293945312,0.14285714285714285,5.0,0.3,4.75,1.0,4.0,,,,,,,,,,,,,,,,,,,,,,,,,,,,,,,,,,,
293,MM-NIAH,retrieval-image,0,18519,long,9,7,0.84,3,4,14033,,,3,True,0.8333339691162109,1,False,-3.988095283508301,3,True,0.7142868041992188,3,True,1.0714282989501953,3,True,0.5952377915382385,3,True,0.8333340287208557,1,False,0.0,0.8571428571428571,0.0,0.3333333333333333,4.75,1.0,4.0,,,,,,,,,,,,,,,,,,,,,,,,,,,,,,,,,,,
294,MM-NIAH,retrieval-image,0,19015,long,10,9,0.85,3,4,14203,,,0,False,-0.47619062662124634,1,False,-2.2619056701660156,0,False,-0.3571434020996094,0,False,-0.7142868638038635,0,False,-1.4285717010498047,3,True,0.11904716491699219,0,False,-1.4273452758789062,0.14285714285714285,4.0,0.3,4.75,1.0,4.0,,,,,,,,,,,,,,,,,,,,,,,,,,,,,,,,,,,
295,MM-NIAH,retrieval-image,0,19072,long,10,9,0.92,3,4,14329,,,0,False,0.0,1,False,-0.8333339691162109,3,True,0.8333321213722229,0,False,-0.11904716491699219,3,True,0.23809432983398438,3,True,0.4761905074119568,0,False,-2.159210205078125,0.9642857142857143,1.0,0.3,4.75,1.0,4.0,,,,,,,,,,,,,,,,,,,,,,,,,,,,,,,,,,,
296,MM-NIAH,retrieval-image,0,17585,long,9,8,0.83,3,4,13578,,,2,False,-0.47619056701660156,0,False,-3.988095283508301,2,False,-1.0714301466941833,0,False,-1.1904773712158203,0,False,-1.190475583076477,3,True,0.11904716491699219,0,False,-3.7797622680664062,0.5357142857142857,2.0,0.3333333333333333,4.75,1.0,4.0,,,,,,,,,,,,,,,,,,,,,,,,,,,,,,,,,,,
297,MM-NIAH,retrieval-image,0,16531,long,8,7,0.92,1,4,13140,,,3,False,-0.9523811340332031,3,False,-1.4211921691894531,3,False,-1.1904755234718323,3,False,-0.9523811340332031,3,False,-0.7142848968505859,1,True,0.2380962371826172,2,False,-0.21738433837890625,0.0,7.0,0.25,4.75,1.0,4.0,,,,,,,,,,,,,,,,,,,,,,,,,,,,,,,,,,,
299,MM-NIAH,retrieval-image,0,18093,long,9,8,0.81,0,4,13427,,,0,True,0.11904716491699219,1,False,-0.47618961334228516,0,True,0.47619056701660156,0,True,0.7142848968505859,1,False,-0.8333320617675781,1,False,-0.9523810744285583,0,True,0.41666603088378906,0.21428571428571427,5.0,0.3333333333333333,4.75,1.0,4.0,,,,,,,,,,,,,,,,,,,,,,,,,,,,,,,,,,,
302,MM-NIAH,retrieval-image,0,26054,long,13,0,0.07,3,4,19179,,,3,True,0.35714149475097656,1,False,-0.47619056701660156,2,False,-0.11904710531234741,3,True,0.23809432983398438,3,True,0.5952377319335938,3,True,0.35714346170425415,0,False,-6.25,0.8928571428571429,0.0,0.3076923076923077,4.75,1.0,4.0,,,,,,,,,,,,,,,,,,,,,,,,,,,,,,,,,,,
303,MM-NIAH,retrieval-image,0,22014,long,11,1,0.17,0,4,16596,,,2,False,-0.23809432983398438,1,False,-1.7857149839401245,2,False,-0.8333321213722229,2,False,-0.8333320617675781,2,False,-0.23809432983398438,2,False,-0.8333339095115662,1,False,-0.3527336120605469,0.0,9.0,0.2727272727272727,4.75,1.0,4.0,,,,,,,,,,,,,,,,,,,,,,,,,,,,,,,,,,,
304,MM-NIAH,retrieval-image,0,24320,long,12,0,0.08,3,4,18073,,,0,False,-0.5952396392822266,0,False,-3.0952377319335938,0,False,-0.8333339691162109,0,False,0.0,0,False,-0.2380962371826172,0,False,-0.47619062662124634,3,True,0.25429534912109375,0.10714285714285714,8.0,0.25,4.75,1.0,4.0,,,,,,,,,,,,,,,,,,,,,,,,,,,,,,,,,,,
305,MM-NIAH,retrieval-image,0,28013,long,14,0,0.07,1,4,20326,,,3,False,-0.2380962371826172,1,True,0.9523801803588867,2,False,-0.3571434020996094,3,False,-1.0714282393455505,3,False,-0.8333339691162109,3,False,-0.47619056701660156,1,True,0.7142868041992188,0.8571428571428571,1.0,0.2857142857142857,4.75,1.0,4.0,,,,,,,,,,,,,,,,,,,,,,,,,,,,,,,,,,,
306,MM-NIAH,retrieval-image,0,28142,long,14,2,0.19,0,4,20867,,,0,True,0.0,3,False,-1.235119342803955,2,False,-0.3571434020996094,3,False,-0.35714149475097656,2,False,-0.3571434020996094,0,True,0.11904716491699219,0,True,0.8035736083984375,0.8214285714285714,1.0,0.2857142857142857,4.75,1.0,4.0,,,,,,,,,,,,,,,,,,,,,,,,,,,,,,,,,,,
308,MM-NIAH,retrieval-image,0,25586,long,13,2,0.19,1,4,19214,,,1,True,2.6190471947193146,0,False,-1.7857141494750977,1,True,1.7857151329517365,1,True,2.738096207380295,1,True,3.571430206298828,1,True,2.6190470531582832,1,True,1.2677268981933594,0.32142857142857145,7.0,0.3076923076923077,4.75,1.0,4.0,,,,,,,,,,,,,,,,,,,,,,,,,,,,,,,,,,,
309,MM-NIAH,retrieval-image,0,26092,long,13,0,0.05,1,4,19688,,,3,False,-1.5476188659667969,1,True,4.285714626312256,3,False,-1.42857164144516,3,False,-1.5476188659667969,3,False,-1.190477430820465,3,False,-1.6666659712791443,1,True,0.45937347412109375,0.7142857142857143,1.0,0.3076923076923077,4.75,1.0,4.0,,,,,,,,,,,,,,,,,,,,,,,,,,,,,,,,,,,
310,MM-NIAH,retrieval-image,0,26085,long,13,3,0.26,3,4,19672,,,3,True,0.595237672328949,3,True,0.7142858505249023,0,False,0.0,3,True,0.47619062662124634,3,True,0.9523811340332031,3,True,0.11904722452163696,0,False,-4.642856597900391,0.8928571428571429,0.0,0.3076923076923077,4.75,1.0,4.0,,,,,,,,,,,,,,,,,,,,,,,,,,,,,,,,,,,
311,MM-NIAH,retrieval-image,0,27369,long,14,5,0.42,0,4,20031,,,0,True,2.7380943447351456,3,False,-1.7261905670166016,0,True,2.1428565979003906,0,True,1.4285716712474823,0,True,0.7142848968505859,0,True,0.7142868638038635,2,False,-2.7316436767578125,0.2857142857142857,7.5,0.2857142857142857,4.75,1.0,4.0,,,,,,,,,,,,,,,,,,,,,,,,,,,,,,,,,,,
312,MM-NIAH,retrieval-image,0,21341,long,11,2,0.26,3,4,15722,,,3,True,0.119049072265625,0,False,-0.8184523582458496,0,False,0.0,0,False,0.0,3,True,0.11904716491699219,3,True,0.23809432983398438,0,False,-3.9285717010498047,0.32142857142857145,4.0,0.2727272727272727,4.75,1.0,4.0,,,,,,,,,,,,,,,,,,,,,,,,,,,,,,,,,,,
315,MM-NIAH,retrieval-image,0,28309,long,14,4,0.32,3,4,20951,,,2,False,-0.4761905074119568,3,True,0.14880943298339844,2,False,0.0,2,False,-0.595237672328949,2,False,-0.7142848968505859,2,False,0.0,0,False,-0.5906219482421875,0.0,10.0,0.2857142857142857,4.75,1.0,4.0,,,,,,,,,,,,,,,,,,,,,,,,,,,,,,,,,,,
316,MM-NIAH,retrieval-image,0,21336,long,11,2,0.27,0,4,15835,,,0,True,0.47619056701660156,1,False,-0.1190481185913086,0,True,0.47619056701660156,0,True,0.595237672328949,0,True,0.7142849564552307,1,False,-0.47619056701660156,0,True,0.7142848968505859,0.17857142857142858,4.5,0.2727272727272727,4.75,1.0,4.0,,,,,,,,,,,,,,,,,,,,,,,,,,,,,,,,,,,
317,MM-NIAH,retrieval-image,0,27798,long,14,6,0.37,2,4,20395,,,2,True,0.5952396988868713,3,False,-2.4107141494750977,2,True,0.47619056701660156,2,True,0.5952377915382385,2,True,0.9523811340332031,2,True,0.5952377915382385,0,False,-0.9523811340332031,0.35714285714285715,5.0,0.2857142857142857,4.75,1.0,4.0,,,,,,,,,,,,,,,,,,,,,,,,,,,,,,,,,,,
318,MM-NIAH,retrieval-image,0,22750,long,11,2,0.2,0,4,17119,,,3,False,-1.190475344657898,2,False,-0.3869037628173828,3,False,-1.309522569179535,3,False,-1.07142835855484,3,False,-1.1904754638671875,1,False,-0.9523811340332031,0,True,2.202381134033203,0.39285714285714285,3.0,0.2727272727272727,4.75,1.0,4.0,,,,,,,,,,,,,,,,,,,,,,,,,,,,,,,,,,,
319,MM-NIAH,retrieval-image,0,21099,long,11,1,0.2,0,4,15626,,,2,False,-0.11904716491699219,1,False,-1.4880952835083008,2,False,-0.11904716491699219,2,False,-0.11904716491699219,0,True,0.35714149475097656,3,False,-0.23809432983398438,0,True,0.23809432983398438,0.8571428571428571,0.0,0.2727272727272727,4.75,1.0,4.0,,,,,,,,,,,,,,,,,,,,,,,,,,,,,,,,,,,
320,MM-NIAH,retrieval-image,0,23763,long,12,4,0.27,3,4,17364,,,3,True,0.35714149475097656,1,False,-1.6038379669189453,3,True,0.35714149475097656,3,True,0.3571434020996094,3,True,0.8333320617675781,1,False,-1.3095245361328125,0,False,-3.608480453491211,0.10714285714285714,6.0,0.25,4.75,1.0,4.0,,,,,,,,,,,,,,,,,,,,,,,,,,,,,,,,,,,
321,MM-NIAH,retrieval-image,0,27369,long,14,5,0.42,0,4,20031,,,0,True,2.2619055807590485,3,False,-1.0565476417541504,0,True,2.500000014901161,0,True,1.666667878627777,0,True,0.7142848968505859,0,True,0.3571434020996094,2,False,-2.649608612060547,0.35714285714285715,6.0,0.2857142857142857,4.75,1.0,4.0,,,,,,,,,,,,,,,,,,,,,,,,,,,,,,,,,,,
322,MM-NIAH,retrieval-image,0,27802,long,14,4,0.43,0,4,20789,,,0,True,3.2142868638038635,2,False,-1.1904759407043457,0,True,3.095237709581852,0,True,2.7380962148308754,0,True,1.4285716712474823,0,True,1.7857150435447693,0,True,2.738095283508301,0.0,12.0,0.2857142857142857,4.75,1.0,4.0,,,,,,,,,,,,,,,,,,,,,,,,,,,,,,,,,,,
323,MM-NIAH,retrieval-image,0,26470,long,13,5,0.46,3,4,19853,,,3,True,1.1904773116111755,0,False,-1.309523582458496,3,True,1.42857164144516,3,True,1.428571730852127,3,True,1.0714282989501953,3,True,1.07142835855484,0,False,-3.2142868041992188,0.07142857142857142,8.0,0.3076923076923077,4.75,1.0,4.0,,,,,,,,,,,,,,,,,,,,,,,,,,,,,,,,,,,
325,MM-NIAH,retrieval-image,0,20994,long,10,3,0.4,2,4,15541,,,2,True,0.47619056701660156,1,False,-1.8452386856079102,2,True,0.11904716491699219,2,True,0.5952396392822266,2,True,0.11904913187026978,3,False,-0.7142848968505859,2,True,0.7142847776412964,0.10714285714285714,4.5,0.3,4.75,1.0,4.0,,,,,,,,,,,,,,,,,,,,,,,,,,,,,,,,,,,
326,MM-NIAH,retrieval-image,0,26081,long,13,7,0.56,0,4,19442,,,1,False,-1.42857164144516,3,False,-0.14880943298339844,1,False,-1.3095226287841797,1,False,-1.904762327671051,1,False,-1.7857132256031036,1,False,-2.4999998956918716,0,True,3.1547622680664062,0.42857142857142855,4.0,0.3076923076923077,4.75,1.0,4.0,,,,,,,,,,,,,,,,,,,,,,,,,,,,,,,,,,,
327,MM-NIAH,retrieval-image,0,27864,long,14,6,0.45,3,4,20780,,,3,True,2.023809537291527,1,False,-3.287405014038086,3,True,2.2619055807590485,3,True,2.023809492588043,3,True,2.023809388279915,3,True,2.4999999552965164,1,False,-0.7077751159667969,0.2857142857142857,5.5,0.2857142857142857,4.75,1.0,4.0,,,,,,,,,,,,,,,,,,,,,,,,,,,,,,,,,,,
328,MM-NIAH,retrieval-image,0,26319,long,13,6,0.43,0,4,19332,,,0,True,0.8333340287208557,1,False,-1.6666669845581055,0,True,0.5952396988868713,0,True,0.8333340287208557,0,True,1.1904773116111755,0,True,0.2380962371826172,0,True,1.4285714626312256,0.2857142857142857,7.0,0.3076923076923077,4.75,1.0,4.0,,,,,,,,,,,,,,,,,,,,,,,,,,,,,,,,,,,
331,MM-NIAH,retrieval-image,0,26029,long,13,11,0.78,2,4,19436,,,2,True,0.11904716491699219,1,False,-1.2276782989501953,1,False,-0.3571434020996094,1,False,-0.8333339095115662,1,False,-0.35714149475097656,2,True,0.5952377319335938,0,False,-1.0828094482421875,0.03571428571428571,8.0,0.3076923076923077,4.75,1.0,4.0,,,,,,,,,,,,,,,,,,,,,,,,,,,,,,,,,,,
333,MM-NIAH,retrieval-image,0,27116,long,14,10,0.81,1,4,19822,,,1,True,0.3571434020996094,2,False,-0.513392448425293,1,True,1.0714282393455505,1,True,0.9523811340332031,1,True,0.8333340287208557,1,True,1.1904755234718323,0,False,-1.975687026977539,0.10714285714285714,6.0,0.2857142857142857,4.75,1.0,4.0,,,,,,,,,,,,,,,,,,,,,,,,,,,,,,,,,,,
334,MM-NIAH,retrieval-image,0,21665,long,11,7,0.72,1,4,15995,,,1,True,1.0714282393455505,0,False,-0.4910717010498047,1,True,1.3095226287841797,1,True,0.8333320617675781,1,True,0.9523811340332031,1,True,1.6666669845581055,1,True,0.2380962371826172,0.10714285714285714,6.0,0.2727272727272727,4.75,1.0,4.0,,,,,,,,,,,,,,,,,,,,,,,,,,,,,,,,,,,
335,MM-NIAH,retrieval-image,0,28520,long,14,8,0.61,2,4,21075,,,3,False,-0.11904716491699219,0,False,-4.737958908081055,3,False,-0.11904716491699219,2,True,0.0,1,False,0.0,3,False,-0.3571434020996094,0,False,-2.3707046508789062,0.0,8.5,0.2857142857142857,4.75,1.0,4.0,,,,,,,,,,,,,,,,,,,,,,,,,,,,,,,,,,,
336,MM-NIAH,retrieval-image,0,23443,long,12,9,0.76,0,4,17405,,,0,True,0.47619062662124634,0,True,0.7142858505249023,0,True,0.2380962371826172,0,True,0.9523811638355255,0,True,0.3571434020996094,0,True,0.3571434020996094,1,False,-0.6808586120605469,0.25,6.0,0.25,4.75,1.0,4.0,,,,,,,,,,,,,,,,,,,,,,,,,,,,,,,,,,,
337,MM-NIAH,retrieval-image,0,24388,long,12,8,0.7,0,4,18120,,,0,True,2.4999998956918716,0,True,1.1484375,0,True,1.42857164144516,0,True,0.3571434020996094,0,True,0.9523811340332031,0,True,1.3095245361328125,0,True,0.8333339691162109,0.7857142857142857,1.0,0.25,4.75,1.0,4.0,,,,,,,,,,,,,,,,,,,,,,,,,,,,,,,,,,,
338,MM-NIAH,retrieval-image,0,23348,long,12,6,0.61,0,4,17377,,,3,False,-1.547618806362152,0,True,1.607142448425293,3,False,-2.14285671710968,3,False,-1.309522658586502,3,False,-1.547618806362152,3,False,-1.0714282393455505,2,False,-0.47619056701660156,0.0,7.0,0.25,4.75,1.0,4.0,,,,,,,,,,,,,,,,,,,,,,,,,,,,,,,,,,,
339,MM-NIAH,retrieval-image,0,22170,long,11,7,0.67,2,4,17238,,,2,True,1.9047623574733734,0,False,-1.7261905670166016,2,True,2.3809529542922974,2,True,3.0952376648783684,2,True,1.0714302062988281,2,True,1.1904773712158203,0,False,-1.2632827758789062,0.07142857142857142,6.0,0.2727272727272727,4.75,1.0,4.0,,,,,,,,,,,,,,,,,,,,,,,,,,,,,,,,,,,
340,MM-NIAH,retrieval-image,0,20925,long,10,7,0.78,1,4,15394,,,0,False,0.0,1,True,0.9226188659667969,0,False,0.0,2,False,-0.3571434020996094,1,True,0.35714149475097656,3,False,-0.23809432983398438,1,True,1.4880943298339844,0.25,3.5,0.3,4.75,1.0,4.0,,,,,,,,,,,,,,,,,,,,,,,,,,,,,,,,,,,
341,MM-NIAH,retrieval-image,0,26002,long,13,12,0.87,2,4,18557,,,2,True,0.7142848372459412,0,False,-3.869047164916992,2,True,0.47619056701660156,2,True,0.23809432983398438,2,True,0.23809432983398438,2,True,0.7142848968505859,1,False,-1.6078109741210938,0.35714285714285715,4.0,0.3076923076923077,4.75,1.0,4.0,,,,,,,,,,,,,,,,,,,,,,,,,,,,,,,,,,,
342,MM-NIAH,retrieval-image,0,23454,long,12,11,0.92,1,4,17346,,,1,True,3.5714283362030983,1,True,1.3690471649169922,1,True,4.047619093209505,1,True,3.92857164517045,1,True,2.738094449043274,1,True,2.4999999403953552,1,True,0.9523811340332031,0.7142857142857143,1.0,0.25,4.75,1.0,4.0,,,,,,,,,,,,,,,,,,,,,,,,,,,,,,,,,,,
343,MM-NIAH,retrieval-image,0,22813,long,11,10,0.87,0,4,16932,,,3,False,-0.8333340287208557,3,False,-0.11904716491699219,3,False,-0.47619056701660156,3,False,-0.8333320617675781,3,False,-0.9523810744285583,0,True,1.0714282393455505,0,True,2.619047164916992,0.14285714285714285,4.5,0.2727272727272727,4.75,1.0,4.0,,,,,,,,,,,,,,,,,,,,,,,,,,,,,,,,,,,
345,MM-NIAH,retrieval-image,0,28302,long,14,13,0.96,1,4,21229,,,1,True,5.238094503991306,3,False,-0.7738094329833984,1,True,3.809524495154619,1,True,4.285713072866201,1,True,4.285713337361813,1,True,4.523811548948288,1,True,0.4268989562988281,0.5357142857142857,3.0,0.2857142857142857,4.75,1.0,4.0,,,,,,,,,,,,,,,,,,,,,,,,,,,,,,,,,,,
346,MM-NIAH,retrieval-image,0,24534,long,12,11,0.94,2,4,18061,,,0,False,-1.3095225095748901,1,False,-2.291667938232422,0,False,-0.9523811340332031,0,False,-0.5952377319335938,1,False,-0.8333320617675781,0,False,-1.4285717010498047,1,False,-2.8571414947509766,0.75,1.0,0.25,4.75,1.0,4.0,,,,,,,,,,,,,,,,,,,,,,,,,,,,,,,,,,,
347,MM-NIAH,retrieval-image,0,26710,long,13,12,0.94,1,4,19766,,,1,True,0.9523811936378479,1,True,1.6666669845581055,0,False,-0.2380962371826172,1,True,0.8333339691162109,1,True,0.8333339691162109,1,True,0.5952396392822266,0,False,-4.051750183105469,0.7142857142857143,2.0,0.3076923076923077,4.75,1.0,4.0,,,,,,,,,,,,,,,,,,,,,,,,,,,,,,,,,,,
348,MM-NIAH,retrieval-image,0,26102,long,13,12,0.9,0,4,19801,,,0,True,1.3095226883888245,1,False,-0.1785717010498047,0,True,1.4285716712474823,0,True,1.1904774010181427,0,True,1.4285717606544495,0,True,0.11904716491699219,0,True,0.3571434020996094,0.8928571428571429,1.0,0.3076923076923077,4.75,1.0,4.0,,,,,,,,,,,,,,,,,,,,,,,,,,,,,,,,,,,
349,MM-NIAH,retrieval-image,0,24019,long,12,10,0.81,1,4,18898,,,1,True,0.2380962371826172,1,True,0.7142858505249023,1,True,0.23809432983398438,1,True,0.2380962371826172,1,True,0.11904716491699219,1,True,0.35714149475097656,0,False,-0.2976188659667969,0.6428571428571429,2.0,0.25,4.75,1.0,4.0,,,,,,,,,,,,,,,,,,,,,,,,,,,,,,,,,,,
357,MM-NIAH,retrieval-image,0,29010,long,15,1,0.1,0,4,21033,,,0,True,0.3571434020996094,2,False,-0.35714244842529297,0,True,0.11904716491699219,0,True,0.595237672328949,3,False,-0.9523810744285583,0,True,0.0,1,False,-1.4285717010498047,0.5,3.5,0.26666666666666666,4.75,1.0,4.0,,,,,,,,,,,,,,,,,,,,,,,,,,,,,,,,,,,
369,MM-NIAH,retrieval-image,0,30292,long,15,3,0.24,3,4,22309,,,3,True,0.5952377319335938,0,False,-3.1547622680664062,3,True,0.4761905074119568,3,True,0.23809432983398438,3,True,0.47619056701660156,2,False,-0.23809432983398438,1,False,-0.9679679870605469,0.75,1.0,0.26666666666666666,4.75,1.0,4.0,,,,,,,,,,,,,,,,,,,,,,,,,,,,,,,,,,,
379,MM-NIAH,retrieval-image,0,30087,long,15,7,0.48,2,4,22499,,,3,False,-0.595237672328949,3,False,-3.690476179122925,3,False,-0.8333321213722229,3,False,-0.714286744594574,3,False,-0.11904716491699219,3,False,-0.9523810744285583,0,False,-0.41666698455810547,0.0,9.0,0.26666666666666666,4.75,1.0,4.0,,,,,,,,,,,,,,,,,,,,,,,,,,,,,,,,,,,
381,MM-NIAH,retrieval-image,0,29321,long,15,11,0.76,1,4,21711,,,0,False,-0.2380962371826172,1,True,1.9642858505249023,3,False,-0.9523811340332031,0,False,-1.3095245361328125,1,True,0.0,0,False,-0.119049072265625,0,False,-0.7142868041992188,0.5714285714285714,3.0,0.26666666666666666,4.75,1.0,4.0,,,,,,,,,,,,,,,,,,,,,,,,,,,,,,,,,,,
390,MM-NIAH,retrieval-image,0,30189,long,15,13,0.8,1,4,22231,,,3,False,-0.3571433424949646,1,True,1.4880952835083008,3,False,-0.7142848968505859,3,False,-0.5952377319335938,3,False,-0.7142848968505859,3,False,-1.1904754638671875,0,False,-3.0654754638671875,0.14285714285714285,9.0,0.26666666666666666,4.75,1.0,4.0,,,,,,,,,,,,,,,,,,,,,,,,,,,,,,,,,,,
393,MM-NIAH,retrieval-image,0,30237,long,15,13,0.84,0,4,22250,,,2,False,-2.023809462785721,1,False,-3.2738094329833984,2,False,-2.0238095223903656,2,False,-1.9047623872756958,2,False,-1.4285717606544495,2,False,-1.9047623872756958,0,True,0.35714149475097656,0.35714285714285715,5.5,0.26666666666666666,4.75,1.0,4.0,,,,,,,,,,,,,,,,,,,,,,,,,,,,,,,,,,,
395,MM-NIAH,retrieval-image,0,30266,long,15,14,0.9,3,4,22215,,,3,True,1.3095245957374573,2,False,-0.6250004768371582,3,True,1.6666679382324219,3,True,0.9523811936378479,3,True,0.5952396392822266,3,True,1.07142835855484,1,False,-4.821429252624512,0.9285714285714286,1.0,0.26666666666666666,4.75,1.0,4.0,,,,,,,,,,,,,,,,,,,,,,,,,,,,,,,,,,,
398,MM-NIAH,retrieval-image,0,31370,long,16,13,0.82,2,4,22567,,,2,True,2.619047239422798,0,False,-1.4847640991210938,2,True,2.6190471202135086,2,True,2.3809528797864914,2,True,3.3333338871598244,2,True,1.0714282393455505,1,False,-2.5297622680664062,0.17857142857142858,6.5,0.25,4.75,1.0,4.0,,,,,,,,,,,,,,,,,,,,,,,,,,,,,,,,,,,
160,MM-NIAH,reasoning-image,0,9935,mid,6,1,0.2593635889410537,0,2,7138,,,0,True,0.47619056701660156,1,False,-0.2380962371826172,0,True,0.7142868041992188,0,True,0.11904716491699219,0,True,0.2380962371826172,,,,0,True,1.607142448425293,,,,4.75,1.0,4.0,,,,,,,,,,,,,,,,,,,,,,,,,,,,,,,,,,,
161,MM-NIAH,reasoning-image,0,7557,mid,5,2,0.34410989315942836,0,2,5799,,,1,False,-0.8333320319652557,0,True,0.8695297241210938,1,False,-0.47619056701660156,1,False,-0.7142867743968964,1,False,-0.119049072265625,,,,0,True,0.8080158233642578,,,,4.75,1.0,4.0,,,,,,,,,,,,,,,,,,,,,,,,,,,,,,,,,,,
165,MM-NIAH,reasoning-image,0,8898,mid,5,1,0.37716424894712214,0,2,6688,,,1,False,-1.6666679382324219,0,True,0.72802734375,1,False,-1.785715103149414,1,False,-0.9523811936378479,0,True,0.11904716491699219,,,,0,True,0.35714149475097656,,,,4.75,1.0,4.0,,,,,,,,,,,,,,,,,,,,,,,,,,,,,,,,,,,
176,MM-NIAH,reasoning-image,0,9660,mid,6,3,0.5186895810955962,0,2,7118,,,1,False,-0.23809432983398438,0,True,1.2858428955078125,1,False,-0.3571434020996094,1,False,-0.11904716491699219,1,False,-0.2380962371826172,,,,0,True,0.47619056701660156,,,,4.75,1.0,4.0,,,,,,,,,,,,,,,,,,,,,,,,,,,,,,,,,,,
184,MM-NIAH,reasoning-image,0,8933,mid,5,3,0.7588187038556193,1,2,6820,,,1,True,0.7142868638038635,0,False,-0.8333339989185333,1,True,0.9523810744285583,1,True,0.7142849266529083,1,True,0.7142849266529083,,,,1,True,0.41666698455810547,,,,4.75,1.0,4.0,,,,,,,,,,,,,,,,,,,,,,,,,,,,,,,,,,,
186,MM-NIAH,reasoning-image,0,9315,mid,5,2,0.6022308979364194,0,2,7335,,,1,False,-0.11904716491699219,0,True,0.47619056701660156,0,True,0.2380962371826172,1,False,-0.23809432983398438,0,True,0.23809432983398438,,,,0,True,1.6666679382324219,,,,4.75,1.0,4.0,,,,,,,,,,,,,,,,,,,,,,,,,,,,,,,,,,,
187,MM-NIAH,reasoning-image,0,9579,mid,6,3,0.70040091017445,1,2,7121,,,0,False,-0.8333339989185333,1,True,0.7142848968505859,0,False,-1.5476188510656357,0,False,-0.8333321213722229,0,False,-0.119049072265625,,,,1,True,0.2542991638183594,,,,4.75,1.0,4.0,,,,,,,,,,,,,,,,,,,,,,,,,,,,,,,,,,,
197,MM-NIAH,reasoning-image,0,7468,mid,5,4,0.9091036808092161,0,2,5653,,,1,False,-0.8333320319652557,0,True,0.0,1,False,-1.0714302062988281,1,False,-1.0714283287525177,1,False,-0.11904716491699219,,,,0,True,4.3242950439453125,,,,4.75,1.0,4.0,,,,,,,,,,,,,,,,,,,,,,,,,,,,,,,,,,,
215,MM-NIAH,reasoning-image,0,11226,mid,6,1,0.3196018800110589,0,2,8089,,,1,False,-0.3571434020996094,0,True,1.07142835855484,1,False,-0.11904716491699219,1,False,-0.2380962371826172,1,False,-0.11904716491699219,,,,0,True,2.2619056701660156,,,,4.75,1.0,4.0,,,,,,,,,,,,,,,,,,,,,,,,,,,,,,,,,,,
223,MM-NIAH,reasoning-image,0,10716,mid,6,2,0.5774103084808045,1,2,8101,,,1,True,1.7857150584459305,0,False,-0.5952377319335938,1,True,1.9047621488571167,1,True,1.4285717010498047,1,True,1.3095244765281677,,,,1,True,0.476190447807312,,,,4.75,1.0,4.0,,,,,,,,,,,,,,,,,,,,,,,,,,,,,,,,,,,
224,MM-NIAH,reasoning-image,0,10707,mid,6,2,0.48324804480061795,0,2,7826,,,1,False,-0.3571434020996094,0,True,1.7759742736816406,1,False,-0.23809432983398438,1,False,-0.5952377915382385,1,False,-0.3571434020996094,,,,0,True,1.4285714626312256,,,,4.75,1.0,4.0,,,,,,,,,,,,,,,,,,,,,,,,,,,,,,,,,,,
229,MM-NIAH,reasoning-image,0,10861,mid,6,3,0.5775853867377033,0,2,8174,,,0,True,0.11904716491699219,0,True,0.0,0,True,0.0,0,True,0.2380962371826172,0,True,0.11904716491699219,,,,0,True,0.11904716491699219,,,,4.75,1.0,4.0,,,,,,,,,,,,,,,,,,,,,,,,,,,,,,,,,,,
236,MM-NIAH,reasoning-image,0,14265,long,8,5,0.6432626661875673,0,2,10565,,,0,True,0.0,0,True,0.6070289611816406,0,True,0.23809432983398438,0,True,0.11904716491699219,1,False,-0.11904716491699219,,,,1,False,-0.3571434020996094,,,,4.75,1.0,4.0,,,,,,,,,,,,,,,,,,,,,,,,,,,,,,,,,,,
237,MM-NIAH,reasoning-image,0,12678,long,7,4,0.7196625567813109,1,2,9633,,,1,True,0.47619056701660156,1,True,1.1309521198272705,1,True,0.5952396094799042,1,True,0.5952377319335938,1,True,0.3571434020996094,,,,0,False,-1.0119056701660156,,,,4.75,1.0,4.0,,,,,,,,,,,,,,,,,,,,,,,,,,,,,,,,,,,
239,MM-NIAH,reasoning-image,0,13135,long,7,4,0.6871333594055534,1,2,9576,,,0,False,-0.11904716491699219,0,False,-1.1309518814086914,0,False,-0.3571434020996094,0,False,-0.5952377319335938,0,False,-0.23809432983398438,,,,0,False,-2.8365440368652344,,,,4.75,1.0,4.0,,,,,,,,,,,,,,,,,,,,,,,,,,,,,,,,,,,
243,MM-NIAH,reasoning-image,0,13033,long,7,5,0.9195773870535362,0,2,9576,,,1,False,-0.3571434020996094,0,True,0.3311004638671875,0,True,0.0,0,True,0.0,1,False,-0.11904716491699219,,,,1,False,-0.3571434020996094,,,,4.75,1.0,4.0,,,,,,,,,,,,,,,,,,,,,,,,,,,,,,,,,,,
246,MM-NIAH,reasoning-image,0,12650,long,7,6,0.9296747967479675,0,2,9414,,,1,False,-0.23809432983398438,1,False,-0.3571434020996094,0,True,0.2380962371826172,0,True,0.2380962371826172,1,False,-0.3571434020996094,,,,0,True,1.0714282989501953,,,,4.75,1.0,4.0,,,,,,,,,,,,,,,,,,,,,,,,,,,,,,,,,,,
252,MM-NIAH,reasoning-image,0,17082,long,9,1,0.14947406167822136,0,2,12324,,,1,False,-0.5952377319335938,1,False,-1.3690471649169922,1,False,-0.3571434020996094,1,False,-0.5952377319335938,0,True,0.0,,,,1,False,-1.2468757629394531,,,,4.75,1.0,4.0,,,,,,,,,,,,,,,,,,,,,,,,,,,,,,,,,,,
257,MM-NIAH,reasoning-image,0,16982,long,9,1,0.1091871091871092,0,2,12257,,,1,False,-1.0714283287525177,0,True,0.8777351379394531,1,False,-1.0714282989501953,1,False,-0.23809432983398438,1,False,-0.11904716491699219,1,False,-0.5952377319335938,0,True,4.761904716491699,0.6071428571428571,2.0,0.3,4.75,1.0,4.0,,,,,,,,,,,,,,,,,,,,,,,,,,,,,,,,,,,
259,MM-NIAH,reasoning-image,0,17447,long,9,1,0.10756273030356203,0,2,12519,,,1,False,-0.7142868638038635,0,True,0.5952386856079102,1,False,-0.8333320915699005,1,False,-1.0714301466941833,1,False,-0.7142848372459412,0,False,-0.47619056701660156,0,True,0.7142868041992188,0.0,7.5,0.3,4.75,1.0,4.0,,,,,,,,,,,,,,,,,,,,,,,,,,,,,,,,,,,
260,MM-NIAH,reasoning-image,0,17861,long,10,2,0.22974130546513616,0,2,12730,,,1,False,-0.8333320617675781,1,False,-0.833332896232605,1,False,-0.5952377021312714,1,False,-0.9523811340332031,1,False,-0.5952396988868713,3,False,-0.7142848968505859,0,True,2.447916030883789,0.10714285714285714,6.0,0.25,4.75,1.0,4.0,,,,,,,,,,,,,,,,,,,,,,,,,,,,,,,,,,,
261,MM-NIAH,reasoning-image,0,15173,long,8,1,0.2230992376711867,1,2,10646,,,0,False,0.0,1,True,0.5357142686843872,1,True,0.11904716491699219,1,True,0.35714149475097656,1,True,0.2380962371826172,,,,0,False,-2.3809518814086914,,,,4.75,1.0,4.0,,,,,,,,,,,,,,,,,,,,,,,,,,,,,,,,,,,
263,MM-NIAH,reasoning-image,0,18672,long,10,2,0.30919113633882767,0,2,13876,,,0,True,0.0,1,False,-0.5952388048171997,0,True,0.23809432983398438,0,True,0.3571434020996094,0,True,0.23809432983398438,1,False,-1.5476189255714417,0,True,0.5952386856079102,0.2857142857142857,5.0,0.3333333333333333,4.75,1.0,4.0,,,,,,,,,,,,,,,,,,,,,,,,,,,,,,,,,,,
265,MM-NIAH,reasoning-image,0,15590,long,9,3,0.35826771653543305,0,2,11319,,,0,True,0.0,1,False,-1.9642858505249023,1,False,-0.23809432983398438,1,False,-0.23809432983398438,0,True,0.0,,,,0,True,4.166666030883789,,,,4.75,1.0,4.0,,,,,,,,,,,,,,,,,,,,,,,,,,,,,,,,,,,
270,MM-NIAH,reasoning-image,0,18508,long,10,5,0.5047362044278004,0,2,13625,,,1,False,-0.7142868638038635,0,True,0.1190481185913086,1,False,-0.8333339393138885,1,False,-0.47619056701660156,1,False,-0.595237672328949,,,,0,True,0.11904716491699219,,,,4.75,1.0,4.0,,,,,,,,,,,,,,,,,,,,,,,,,,,,,,,,,,,
274,MM-NIAH,reasoning-image,0,19157,long,10,5,0.5198064550433349,1,2,14170,,,1,True,1.0714301466941833,0,False,-0.9226188659667969,1,True,0.5952377021312714,1,True,0.47619056701660156,1,True,0.8333339691162109,1,True,0.3571434020996094,0,False,-3.5714285373687744,0.14285714285714285,4.0,0.3333333333333333,4.75,1.0,4.0,,,,,,,,,,,,,,,,,,,,,,,,,,,,,,,,,,,
285,MM-NIAH,reasoning-image,0,16781,long,9,5,0.6401923193962632,1,2,12163,,,1,True,0.47619056701660156,1,True,0.1785717010498047,1,True,0.7142848372459412,1,True,0.11904716491699219,1,True,0.23809432983398438,1,True,0.7142848968505859,0,False,-0.8333339691162109,0.32142857142857145,3.0,0.3,4.75,1.0,4.0,,,,,,,,,,,,,,,,,,,,,,,,,,,,,,,,,,,
289,MM-NIAH,reasoning-image,0,17326,long,9,5,0.6548067860508954,1,2,12235,,,1,True,0.47619056701660156,1,True,1.309523582458496,0,False,-0.47619056701660156,0,False,-0.11904716491699219,0,False,-0.11904716491699219,1,True,0.8333339095115662,0,False,-2.0535717010498047,0.0,7.0,0.25,4.75,1.0,4.0,,,,,,,,,,,,,,,,,,,,,,,,,,,,,,,,,,,
291,MM-NIAH,reasoning-image,0,15755,long,9,7,0.9093151574164231,0,2,11117,,,0,True,0.3571434020996094,1,False,-2.6785717010498047,0,True,0.47619056701660156,0,True,0.7142868638038635,0,True,0.2380962371826172,3,True,4.761903526261449,0,True,1.7261910438537598,0.5357142857142857,2.0,0.3333333333333333,4.75,1.0,4.0,,,,,,,,,,,,,,,,,,,,,,,,,,,,,,,,,,,
295,MM-NIAH,reasoning-image,0,17896,long,10,8,0.9139974923059387,0,2,12638,,,1,False,-0.8333339989185333,0,True,0.47619056701660156,1,False,-0.23809432983398438,1,False,-0.3571434020996094,1,False,-0.7142868041992188,3,True,0.4761905074119568,1,False,-0.2953147888183594,0.9642857142857143,1.0,0.3,4.75,1.0,4.0,,,,,,,,,,,,,,,,,,,,,,,,,,,,,,,,,,,
296,MM-NIAH,reasoning-image,0,16483,long,9,7,0.883592636211492,1,2,11342,,,0,False,-0.23809432983398438,1,True,1.6964287757873535,0,False,0.0,0,False,-0.4761905372142792,0,False,-0.11904716491699219,3,True,0.11904716491699219,0,False,-2.113096237182617,0.5357142857142857,2.0,0.3333333333333333,4.75,1.0,4.0,,,,,,,,,,,,,,,,,,,,,,,,,,,,,,,,,,,
299,MM-NIAH,reasoning-image,0,17803,long,10,8,0.8991852191875144,0,2,12722,,,1,False,-0.3571434020996094,1,False,-2.3511905670166016,1,False,-0.3571434020996094,1,False,-0.11904716491699219,0,True,0.0,1,False,-0.9523810744285583,0,True,0.1190481185913086,0.21428571428571427,5.0,0.3333333333333333,4.75,1.0,4.0,,,,,,,,,,,,,,,,,,,,,,,,,,,,,,,,,,,
304,MM-NIAH,reasoning-image,0,20939,long,11,2,0.18913011802418767,1,2,14960,,,0,False,-0.5952377617359161,1,True,1.607142686843872,0,False,-0.7142849266529083,0,False,-0.47619056701660156,0,False,-0.23809432983398438,0,False,-0.47619062662124634,1,True,3.0137252807617188,0.10714285714285714,8.0,0.25,4.75,1.0,4.0,,,,,,,,,,,,,,,,,,,,,,,,,,,,,,,,,,,
307,MM-NIAH,reasoning-image,0,24170,long,13,0,0.024307304785894206,1,2,16736,,,1,True,0.47619056701660156,0,False,-2.083333969116211,1,True,0.35714149475097656,1,True,0.3571434020996094,0,False,0.0,,,,1,True,0.8203125,,,,4.75,1.0,4.0,,,,,,,,,,,,,,,,,,,,,,,,,,,,,,,,,,,
311,MM-NIAH,reasoning-image,0,24401,long,13,5,0.37900607675018727,1,2,17880,,,0,False,-0.11904716491699219,1,True,1.7857141494750977,1,True,0.2380962371826172,1,True,0.23809432983398438,0,False,-0.2380962371826172,0,True,0.7142868638038635,0,False,-0.7142848968505859,0.2857142857142857,7.5,0.2857142857142857,4.75,1.0,4.0,,,,,,,,,,,,,,,,,,,,,,,,,,,,,,,,,,,
323,MM-NIAH,reasoning-image,0,20562,long,11,4,0.46118789319859316,1,2,14838,,,0,False,0.0,1,True,1.7261905670166016,0,False,-0.2380962371826172,0,False,-0.23809432983398438,0,False,0.0,3,True,1.07142835855484,1,True,0.9515609741210938,0.07142857142857142,8.0,0.3076923076923077,4.75,1.0,4.0,,,,,,,,,,,,,,,,,,,,,,,,,,,,,,,,,,,
327,MM-NIAH,reasoning-image,0,27430,long,15,7,0.5090841949778434,0,2,19542,,,1,False,-0.47619056701660156,1,False,-0.41666603088378906,1,False,-0.35714149475097656,1,False,-0.23809432983398438,1,False,-0.23809432983398438,3,True,2.4999999552965164,0,True,1.3095245361328125,0.2857142857142857,5.5,0.2857142857142857,4.75,1.0,4.0,,,,,,,,,,,,,,,,,,,,,,,,,,,,,,,,,,,
328,MM-NIAH,reasoning-image,0,28561,long,15,9,0.5591435964694622,0,2,20978,,,1,False,-0.2380962371826172,0,True,0.0,0,True,0.0,0,True,0.0,1,False,-0.3571434020996094,0,True,0.2380962371826172,0,True,2.023810386657715,0.2857142857142857,7.0,0.3076923076923077,4.75,1.0,4.0,,,,,,,,,,,,,,,,,,,,,,,,,,,,,,,,,,,
330,MM-NIAH,reasoning-image,0,27559,long,14,9,0.7096916461464956,1,2,19441,,,0,False,-0.11904716491699219,0,False,-2.797618865966797,0,False,-0.47619056701660156,0,False,-0.11904716491699219,0,False,-0.595237672328949,,,,1,True,0.07440567016601562,,,,4.75,1.0,4.0,,,,,,,,,,,,,,,,,,,,,,,,,,,,,,,,,,,
332,MM-NIAH,reasoning-image,0,25783,long,14,9,0.6807297605473204,0,2,18161,,,0,True,0.0,0,True,0.4092254638671875,0,True,0.0,0,True,0.11904716491699219,0,True,0.119049072265625,,,,0,True,3.9285717010498047,,,,4.75,1.0,4.0,,,,,,,,,,,,,,,,,,,,,,,,,,,,,,,,,,,
341,MM-NIAH,reasoning-image,0,21628,long,12,10,0.9161105367045775,0,2,15309,,,0,True,0.11904716491699219,1,False,-0.7142858505249023,0,True,0.3571434020996094,0,True,0.4761905372142792,1,False,-0.119049072265625,2,True,0.7142848968505859,0,True,1.1812496185302734,0.35714285714285715,4.0,0.3076923076923077,4.75,1.0,4.0,,,,,,,,,,,,,,,,,,,,,,,,,,,,,,,,,,,
342,MM-NIAH,reasoning-image,0,27506,long,15,13,0.8930006265895102,0,2,19338,,,1,False,-0.119049072265625,0,True,0.14880990982055664,1,False,-0.595239669084549,1,False,-0.11904716491699219,1,False,-0.11904716491699219,1,True,2.4999999403953552,1,False,-0.5059528350830078,0.7142857142857143,1.0,0.25,4.75,1.0,4.0,,,,,,,,,,,,,,,,,,,,,,,,,,,,,,,,,,,
343,MM-NIAH,reasoning-image,0,28455,long,15,13,0.9396192848247644,1,2,20369,,,1,True,0.47619056701660156,1,True,0.47618961334228516,1,True,0.47619056701660156,1,True,0.4761905372142792,1,True,0.2380962371826172,0,True,1.0714282393455505,1,True,0.47618961334228516,0.14285714285714285,4.5,0.2727272727272727,4.75,1.0,4.0,,,,,,,,,,,,,,,,,,,,,,,,,,,,,,,,,,,
346,MM-NIAH,reasoning-image,0,28148,long,15,14,0.9297071731779265,1,2,19983,,,1,True,0.7142849564552307,0,False,-1.4285707473754883,1,True,0.5952377319335938,1,True,0.2380962371826172,1,True,0.2380962371826172,0,False,-1.4285717010498047,0,False,-3.09523868560791,0.75,1.0,0.25,4.75,1.0,4.0,,,,,,,,,,,,,,,,,,,,,,,,,,,,,,,,,,,
347,MM-NIAH,reasoning-image,0,24800,long,13,10,0.8192638036809816,0,2,17964,,,1,False,-0.2380962371826172,0,True,1.190476417541504,1,False,-0.23809432983398438,1,False,-0.3571434020996094,1,False,-0.2380962371826172,1,True,0.5952396392822266,1,False,-1.3839302062988281,0.7142857142857143,2.0,0.3076923076923077,4.75,1.0,4.0,,,,,,,,,,,,,,,,,,,,,,,,,,,,,,,,,,,
383,MM-NIAH,reasoning-image,0,29525,long,16,10,0.6530934018851756,1,2,20950,,,1,True,1.1904754042625427,0,False,-0.9970240592956543,1,True,1.0714283287525177,1,True,1.0714301764965057,1,True,0.9523811936378479,,,,0,False,-1.4285717010498047,,,,4.75,1.0,4.0,,,,,,,,,,,,,,,,,,,,,,,,,,,,,,,,,,,
398,MM-NIAH,reasoning-image,0,31597,long,17,13,0.8224469549076712,0,2,22140,,,1,False,-0.2380962371826172,0,True,1.2639145851135254,1,False,-0.35714149475097656,1,False,-0.23809432983398438,1,False,-0.47619059681892395,2,True,1.0714282393455505,0,True,1.8154754638671875,0.17857142857142858,6.5,0.25,4.75,1.0,4.0,,,,,,,,,,,,,,,,,,,,,,,,,,,,,,,,,,,
150,MM-NIAH,counting-image,0,8023,mid,5,,0.48,,0,6680,"[0, 0, 1, 0]",1,[],False,0.0,,False,0.0,"[0, 0, 0]",False,0.0,"[0, 0, 196, 336]",False,0.0,"[10, 10, 500, 500]",False,0.0,,,,,False,0.0,,,,4.75,1.0,4.0,True,False,False,0.0,0,False,False,False,0.0,,True,False,False,0.0,3,True,True,False,0.0,4,True,True,False,0.0,4,,,,,,False,False,False,0.0,
151,MM-NIAH,counting-image,0,7858,mid,5,,0.3,,0,5731,"[0, 1, 0, 0]",1,"[0, 0, 0]",False,0.0,,False,0.0,"[0, 0, 0]",False,0.0,,False,0.0,,False,0.0,,,,,False,0.0,,,,4.75,1.0,4.0,True,False,False,0.0,3,False,False,False,0.0,,True,False,False,0.0,3,False,False,False,0.0,,False,False,False,0.0,,,,,,,False,False,False,0.0,
152,MM-NIAH,counting-image,0,10109,mid,6,,0.59,,0,7958,"[0, 0, 1, 0, 0]",1,[0],False,0.0,,False,0.0,[0],False,0.0,,False,0.0,,False,0.0,,,,,False,0.0,,,,4.75,1.0,4.0,True,False,False,0.0,1,False,False,False,0.0,,True,False,False,0.0,1,False,False,False,0.0,,False,False,False,0.0,,,,,,,False,False,False,0.0,
154,MM-NIAH,counting-image,0,8545,mid,5,,0.17,,0,6749,"[1, 0, 0, 0]",1,"[1, 1]",False,0.0,,False,0.0,"[1, 1, 1]",False,0.0,"[1, 1, 1]",False,0.0,"[1, 1]",False,0.0,,,,,False,0.0,,,,4.75,1.0,4.0,True,False,False,0.0,2,False,False,False,0.0,,True,False,False,0.0,3,True,False,False,0.0,3,True,False,False,0.0,2,,,,,,False,False,False,0.0,
155,MM-NIAH,counting-image,0,9480,mid,6,,0.51,,0,7145,"[0, 0, 1, 0, 0]",1,"[200, 200, 364, 364]",False,0.0,,False,0.0,"[200, 240, 350, 350]",False,0.0,"[200, 200, 350, 300]",False,0.0,"[200, 200, 392, 336]",False,0.0,,,,,False,0.0,,,,4.75,1.0,4.0,True,False,False,0.0,4,False,False,False,0.0,,True,False,False,0.0,4,True,False,False,0.0,4,True,False,False,0.0,4,,,,,,False,False,False,0.0,
157,MM-NIAH,counting-image,0,7346,mid,5,,0.65,,0,5698,"[0, 1, 0, 0]",1,[],False,0.0,,False,0.0,[],False,0.0,[],False,0.0,,False,0.0,,,,,False,0.0,,,,4.75,1.0,4.0,True,False,False,0.0,0,False,False,False,0.0,,True,False,False,0.0,0,True,False,False,0.0,0,False,False,False,0.0,,,,,,,False,False,False,0.0,
158,MM-NIAH,counting-image,0,10033,mid,6,,0.1,,0,7108,"[1, 0, 0, 0, 0]",1,"[1, 0, 1]",False,0.0,[],False,0.0,"[1, 1, 1]",False,0.0,"[1, 1, 1, 1]",False,0.0,"[189, 1, 364, 168]",False,0.0,,,,,False,0.0,,,,4.75,1.0,4.0,True,False,False,0.0,3,True,False,False,0.0,0,True,False,False,0.0,3,True,False,False,0.0,4,True,False,False,0.0,4,,,,,,False,False,False,0.0,
159,MM-NIAH,counting-image,0,8437,mid,5,,0.7,,0,6771,"[0, 0, 1, 0]",1,"[0, 0, 0]",False,0.0,,False,0.0,,False,0.0,[],False,0.0,"[108, 24, 364, 280]",False,0.0,,,,,False,0.0,,,,4.75,1.0,4.0,True,False,False,0.0,3,False,False,False,0.0,,False,False,False,0.0,,True,False,False,0.0,0,True,True,False,0.0,4,,,,,,False,False,False,0.0,
161,MM-NIAH,counting-image,0,9114,mid,5,,0.65,,0,7283,"[0, 0, 1, 0]",1,[1],False,0.0,,False,0.0,,False,0.0,"[10, 10, 502, 300]",False,0.0,[1],False,0.0,,,,,False,0.0,,,,4.75,1.0,4.0,True,False,True,0.0,1,False,False,False,0.0,,False,False,False,0.0,,True,True,False,0.0,4,True,False,True,0.0,1,,,,,,False,False,False,0.0,
165,MM-NIAH,counting-image,0,7651,mid,5,,0.92,,0,5764,"[0, 0, 0, 1]",1,"[168, 100, 250, 359]",False,0.0,,False,0.0,"[162, 100, 225, 356]",False,0.0,"[1, 1, 252, 387]",False,0.0,,False,0.0,,,,,False,0.0,,,,4.75,1.0,4.0,True,True,False,0.0,4,False,False,False,0.0,,True,True,False,0.0,4,True,True,False,0.0,4,False,False,False,0.0,,,,,,,False,False,False,0.0,
166,MM-NIAH,counting-image,0,9048,mid,5,,0.52,,0,6854,"[0, 1, 0, 0]",1,[],False,0.0,,False,0.0,[],False,0.0,"[10, 10, 500, 300]",False,0.0,"[10, 10, 10, 10]",False,0.0,,,,,False,0.0,,,,4.75,1.0,4.0,True,False,False,0.0,0,False,False,False,0.0,,True,False,False,0.0,0,True,True,False,0.0,4,True,True,False,0.0,4,,,,,,False,False,False,0.0,
168,MM-NIAH,counting-image,0,8943,mid,5,,0.92,,0,7100,"[0, 0, 0, 1]",1,,False,0.0,,False,0.0,"[20, 1, 100, 64]",False,0.0,"[1, 1, 392, 392]",False,0.0,,False,0.0,,,,,False,0.0,,,,4.75,1.0,4.0,False,False,False,0.0,,False,False,False,0.0,,True,True,False,0.0,4,True,True,False,0.0,4,False,False,False,0.0,,,,,,,False,False,False,0.0,
169,MM-NIAH,counting-image,0,7062,mid,5,,0.13,,0,5651,"[1, 0, 0, 0]",1,,False,0.0,,False,0.0,,False,0.0,,False,0.0,"[1, 1, 1]",False,0.0,,,,,False,0.0,,,,4.75,1.0,4.0,False,False,False,0.0,,False,False,False,0.0,,False,False,False,0.0,,False,False,False,0.0,,True,False,False,0.0,3,,,,,,False,False,False,0.0,
170,MM-NIAH,counting-image,0,9157,mid,5,,0.82,,0,7316,"[0, 0, 0, 1]",1,"[10, 10, 10, 10]",False,0.0,,False,0.0,[1],False,0.0,[],False,0.0,,False,0.0,,,,,False,0.0,,,,4.75,1.0,4.0,True,True,False,0.0,4,False,False,False,0.0,,True,False,True,0.0,1,True,False,False,0.0,0,False,False,False,0.0,,,,,,,False,False,False,0.0,
172,MM-NIAH,counting-image,0,8924,mid,5,,0.17,,0,7053,"[1, 0, 0, 0]",1,"[3, 3]",False,0.0,,False,0.0,"[1, 1]",False,0.0,,False,0.0,"[100, 1, 419, 419]",False,0.0,,,,,False,0.0,,,,4.75,1.0,4.0,True,False,False,0.0,2,False,False,False,0.0,,True,False,False,0.0,2,False,False,False,0.0,,True,True,False,0.0,4,,,,,,False,False,False,0.0,
173,MM-NIAH,counting-image,0,10180,mid,6,,0.75,,0,8215,"[0, 0, 0, 1, 0]",1,"[100, 10, 336, 240]",False,0.0,,False,0.0,"[100, 10, 336, 224]",False,0.0,"[100, 10, 336, 276]",False,0.0,"[100, 1, 392, 392]",False,0.0,,,,,False,0.0,,,,4.75,1.0,4.0,True,False,False,0.0,4,False,False,False,0.0,,True,False,False,0.0,4,True,False,False,0.0,4,True,False,False,0.0,4,,,,,,False,False,False,0.0,
174,MM-NIAH,counting-image,0,9630,mid,6,,0.22,,0,7379,"[1, 0, 0, 0, 0]",1,"[10, 10, 490, 276]",False,0.0,,False,0.0,"[230, 100, 391, 120]",False,0.0,"[240, 100, 300, 120]",False,0.0,"[1, 1]",False,0.0,,,,,False,0.0,,,,4.75,1.0,4.0,True,False,False,0.0,4,False,False,False,0.0,,True,False,False,0.0,4,True,False,False,0.0,4,True,False,False,0.0,2,,,,,,False,False,False,0.0,
179,MM-NIAH,counting-image,0,7925,mid,5,,0.63,,0,6072,"[0, 0, 2, 0]",2,[1],False,0.0,,False,0.0,"[100, 140, 364, 336]",False,0.0,"[108, 100, 336, 336]",False,0.0,[],False,0.0,,,,,False,0.0,,,,4.75,1.0,4.0,True,False,False,0.0,1,False,False,False,0.0,,True,True,False,0.0,4,True,True,False,0.0,4,True,False,False,0.0,0,,,,,,False,False,False,0.0,
181,MM-NIAH,counting-image,0,9561,mid,6,,0.23,,0,7312,"[1, 0, 1, 0, 0]",2,,False,0.0,,False,0.0,,False,0.0,,False,0.0,,False,0.0,,,,,False,0.0,,,,4.75,1.0,4.0,False,False,False,0.0,,False,False,False,0.0,,False,False,False,0.0,,False,False,False,0.0,,False,False,False,0.0,,,,,,,False,False,False,0.0,
185,MM-NIAH,counting-image,0,8965,mid,5,,0.83,,0,7335,"[0, 0, 0, 2]",2,"[10, 288, 18, 294]",False,0.0,,False,0.0,"[10, 288, 18, 294]",False,0.0,"[10, 10, 17, 16]",False,0.0,"[10, 10, 18, 13]",False,0.0,,,,,False,0.0,,,,4.75,1.0,4.0,True,True,False,0.0,4,False,False,False,0.0,,True,True,False,0.0,4,True,True,False,0.0,4,True,True,False,0.0,4,,,,,,False,False,False,0.0,
186,MM-NIAH,counting-image,0,9480,mid,6,,0.51,,0,7145,"[0, 0, 1, 1, 0]",2,"[10, 10, 19, 17]",False,0.0,,False,0.0,"[10, 10, 19, 17]",False,0.0,"[10, 10, 19, 17]",False,0.0,"[1, 1, 10, 10]",False,0.0,,,,,False,0.0,,,,4.75,1.0,4.0,True,False,False,0.0,4,False,False,False,0.0,,True,False,False,0.0,4,True,False,False,0.0,4,True,False,False,0.0,4,,,,,,False,False,False,0.0,
189,MM-NIAH,counting-image,0,8459,mid,5,,0.21,,0,6784,"[1, 0, 0, 1]",2,"[1, 1]",False,0.0,,False,0.0,"[189, 10, 364, 132]",False,0.0,"[200, 10, 364, 168]",False,0.0,"[10, 10, 12, 12]",False,0.0,,,,,False,0.0,,,,4.75,1.0,4.0,True,False,True,0.0,2,False,False,False,0.0,,True,True,False,0.0,4,True,True,False,0.0,4,True,True,False,0.0,4,,,,,,False,False,False,0.0,
193,MM-NIAH,counting-image,0,9780,mid,6,,0.11,,0,7178,"[1, 0, 1, 0, 0]",2,[1],False,0.5,,False,0.0,"[1, 1, 1]",False,0.5,[1],False,0.5,,False,0.0,,,,,False,0.0,,,,4.75,1.0,4.0,True,False,False,0.5,1,False,False,False,0.0,,True,False,False,0.5,3,True,False,False,0.5,1,False,False,False,0.0,,,,,,,False,False,False,0.0,
197,MM-NIAH,counting-image,0,10235,mid,6,,0.05,,0,7997,"[2, 1, 0, 0, 0]",3,,False,0.0,,False,0.0,"[17, 17]",False,0.0,"[1, 1, 1]",False,0.33333333333333337,"[10, 10, 500, 359]",False,0.0,,,,,False,0.0,,,,4.75,1.0,4.0,False,False,False,0.0,,False,False,False,0.0,,True,False,False,0.0,2,True,False,True,0.33333333333333337,3,True,False,False,0.0,4,,,,,,False,False,False,0.0,
198,MM-NIAH,counting-image,0,8533,mid,5,,0.12,,0,6806,"[1, 0, 0, 0]",1,[1],False,1.0,,False,0.0,"[200, 100, 308, 250]",False,0.0,"[200, 100, 252, 250]",False,0.0,"[200, 100, 280, 280]",False,0.0,,,,,False,0.0,,,,4.75,1.0,4.0,True,False,True,1.0,1,False,False,False,0.0,,True,True,False,0.0,4,True,True,False,0.0,4,True,True,False,0.0,4,,,,,,False,False,False,0.0,
199,MM-NIAH,counting-image,0,9715,mid,6,,0.05,,0,7062,"[1, 0, 0, 0, 0]",1,"[1, 1]",False,0.0,,False,0.0,[1],False,1.0,[1],False,1.0,"[248, 160, 392, 300]",False,0.0,,,,,False,0.0,,,,4.75,1.0,4.0,True,False,False,0.0,2,False,False,False,0.0,,True,False,True,1.0,1,True,False,True,1.0,1,True,False,False,0.0,4,,,,,,False,False,False,0.0,
200,MM-NIAH,counting-image,0,10706,mid,6,,0.9,,0,8307,"[0, 0, 0, 0, 1]",1,,False,0.0,,False,0.0,,False,0.0,,False,0.0,"[100, 200, 110, 209]",False,0.0,,,,,False,0.0,,,,4.75,1.0,4.0,False,False,False,0.0,,False,False,False,0.0,,False,False,False,0.0,,False,False,False,0.0,,True,False,False,0.0,4,,,,,,False,False,False,0.0,
201,MM-NIAH,counting-image,0,10460,mid,6,,0.77,,0,8164,"[0, 0, 0, 0, 1]",1,"[0, 0, 0]",False,0.0,,False,0.0,[1],False,0.0,[],False,0.0,"[0, 0, 0]",False,0.0,,,,,False,0.0,,,,4.75,1.0,4.0,True,False,False,0.0,3,False,False,False,0.0,,True,False,True,0.0,1,True,False,False,0.0,0,True,False,False,0.0,3,,,,,,False,False,False,0.0,
202,MM-NIAH,counting-image,0,11460,mid,7,,0.52,,0,8429,"[0, 0, 0, 1, 0, 0]",1,,False,0.0,,False,0.0,"[0, 0, 0]",False,0.0,[0],False,0.0,"[200, 250, 364, 364]",False,0.0,,,,,False,0.0,,,,4.75,1.0,4.0,False,False,False,0.0,,False,False,False,0.0,,True,False,False,0.0,3,True,False,False,0.0,1,True,False,False,0.0,4,,,,,,False,False,False,0.0,
204,MM-NIAH,counting-image,0,10725,mid,6,,0.79,,0,8391,"[0, 0, 0, 0, 1]",1,"[146, 16, 243, 140]",False,0.0,,False,0.0,"[174, 100, 242, 336]",False,0.0,"[146, 14, 243, 110]",False,0.0,"[146, 40, 243, 128]",False,0.0,,,,,False,0.0,,,,4.75,1.0,4.0,True,False,False,0.0,4,False,False,False,0.0,,True,False,False,0.0,4,True,False,False,0.0,4,True,False,False,0.0,4,,,,,,False,False,False,0.0,
205,MM-NIAH,counting-image,0,12119,long,7,,0.63,,0,9201,"[0, 0, 0, 0, 1, 0]",1,"[100, 100, 364, 364]",False,0.0,,False,0.0,"[100, 100, 364, 392]",False,0.0,"[10, 10, 496, 496]",False,0.0,"[100, 100, 105, 105]",False,0.0,,,,,False,0.0,,,,4.75,1.0,4.0,True,False,False,0.0,4,False,False,False,0.0,,True,False,False,0.0,4,True,False,False,0.0,4,True,False,False,0.0,4,,,,,,False,False,False,0.0,
206,MM-NIAH,counting-image,0,11976,mid,7,,0.07,,0,8953,"[1, 0, 0, 0, 0, 0]",1,"[0, 1, 0, 1]",False,0.0,,False,0.0,"[1, 0, 1]",False,0.0,"[1, 1, 1]",False,0.0,"[150, 26, 364, 308]",False,0.0,,,,,False,0.0,,,,4.75,1.0,4.0,True,False,False,0.0,4,False,False,False,0.0,,True,False,False,0.0,3,True,False,False,0.0,3,True,False,False,0.0,4,,,,,,False,False,False,0.0,
207,MM-NIAH,counting-image,0,11534,mid,7,,0.94,,0,8432,"[0, 0, 0, 0, 0, 1]",1,"[150, 180, 336, 392]",False,0.0,,False,0.0,,False,0.0,,False,0.0,"[0, 0, 196, 308]",False,0.0,,,,,False,0.0,,,,4.75,1.0,4.0,True,False,False,0.0,4,False,False,False,0.0,,False,False,False,0.0,,False,False,False,0.0,,True,False,False,0.0,4,,,,,,False,False,False,0.0,
208,MM-NIAH,counting-image,0,10533,mid,6,,0.14,,0,8208,"[1, 0, 0, 0, 0]",1,"[10, 10, 412, 240]",False,0.0,,False,0.0,"[106, 1, 392, 212]",False,0.0,"[10, 10, 414, 214]",False,0.0,"[10, 10, 414, 242]",False,0.0,,,,,False,0.0,,,,4.75,1.0,4.0,True,False,False,0.0,4,False,False,False,0.0,,True,False,False,0.0,4,True,False,False,0.0,4,True,False,False,0.0,4,,,,,,False,False,False,0.0,
210,MM-NIAH,counting-image,0,12655,long,7,,0.51,,0,9817,"[0, 0, 0, 1, 0, 0]",1,[1],False,0.0,,False,0.0,[1],False,0.0,[1],False,0.0,,False,0.0,,,,,False,0.0,,,,4.75,1.0,4.0,True,False,True,0.0,1,False,False,False,0.0,,True,False,True,0.0,1,True,False,True,0.0,1,False,False,False,0.0,,,,,,,False,False,False,0.0,
212,MM-NIAH,counting-image,0,11493,mid,7,,0.44,,0,8508,"[0, 0, 1, 0, 0, 0]",1,[],False,0.0,,False,0.0,[],False,0.0,"[128, 1, 391, 224]",False,0.0,[],False,0.0,,,,,False,0.0,,,,4.75,1.0,4.0,True,False,False,0.0,0,False,False,False,0.0,,True,False,False,0.0,0,True,False,False,0.0,4,True,False,False,0.0,0,,,,,,False,False,False,0.0,
214,MM-NIAH,counting-image,0,10511,mid,6,,0.75,,0,8174,"[0, 0, 0, 1, 0]",1,"[0, 0, 0]",False,0.0,,False,0.0,,False,0.0,,False,0.0,[1],False,0.0,,,,,False,0.0,,,,4.75,1.0,4.0,True,False,False,0.0,3,False,False,False,0.0,,False,False,False,0.0,,False,False,False,0.0,,True,False,True,0.0,1,,,,,,False,False,False,0.0,
220,MM-NIAH,counting-image,0,13652,long,8,,0.06,,0,10095,"[1, 0, 0, 0, 0, 0, 0]",1,"[10, 10, 100, 100]",False,0.0,,False,0.0,"[10, 10, 100, 100]",False,0.0,"[10, 10, 100, 100]",False,0.0,"[10, 10, 552, 387]",False,0.0,,,,,False,0.0,,,,4.75,1.0,4.0,True,False,False,0.0,4,False,False,False,0.0,,True,False,False,0.0,4,True,False,False,0.0,4,True,False,False,0.0,4,,,,,,False,False,False,0.0,
221,MM-NIAH,counting-image,0,11048,mid,6,,0.56,,0,8629,"[0, 0, 0, 1, 0]",1,"[1, 1, 503, 276]",False,0.0,,False,0.0,"[10, 400, 100, 419]",False,0.0,,False,0.0,,False,0.0,,,,,False,0.0,,,,4.75,1.0,4.0,True,False,False,0.0,4,False,False,False,0.0,,True,False,False,0.0,4,False,False,False,0.0,,False,False,False,0.0,,,,,,,False,False,False,0.0,
222,MM-NIAH,counting-image,0,12680,long,7,,0.45,,0,9430,"[0, 0, 1, 0, 0, 0]",1,[1],False,0.0,,False,0.0,"[1, 0, 0]",False,0.0,,False,0.0,"[1, 1]",False,0.0,,,,,False,0.0,,,,4.75,1.0,4.0,True,False,True,0.0,1,False,False,False,0.0,,True,False,True,0.0,3,False,False,False,0.0,,True,False,False,0.0,2,,,,,,False,False,False,0.0,
223,MM-NIAH,counting-image,0,12109,long,7,,0.95,,0,9627,"[0, 0, 0, 0, 0, 1]",1,,False,0.0,,False,0.0,"[1, 1, 1]",False,0.0,[1],False,0.0,,False,0.0,,,,,False,0.0,,,,4.75,1.0,4.0,False,False,False,0.0,,False,False,False,0.0,,True,False,False,0.0,3,True,False,True,0.0,1,False,False,False,0.0,,,,,,,False,False,False,0.0,
224,MM-NIAH,counting-image,0,11493,mid,7,,0.9,,0,8508,"[0, 0, 0, 0, 0, 1]",1,"[354, 120, 391, 156]",False,0.0,,False,0.0,"[252, 100, 300, 128]",False,0.0,"[352, 142, 364, 153]",False,0.0,"[355, 120, 364, 128]",False,0.0,,,,,False,0.0,,,,4.75,1.0,4.0,True,False,False,0.0,4,False,False,False,0.0,,True,False,False,0.0,4,True,False,False,0.0,4,True,False,False,0.0,4,,,,,,False,False,False,0.0,
225,MM-NIAH,counting-image,0,11272,mid,7,,0.46,,0,8775,"[0, 0, 2, 0, 0, 0]",2,[1],False,0.0,,False,0.0,"[1, 1, 1]",False,0.0,"[1, 1, 1]",False,0.0,"[10, 100, 308, 330]",False,0.0,,,,,False,0.0,,,,4.75,1.0,4.0,True,False,False,0.0,1,False,False,False,0.0,,True,False,False,0.0,3,True,False,False,0.0,3,True,False,False,0.0,4,,,,,,False,False,False,0.0,
226,MM-NIAH,counting-image,0,10420,mid,6,,0.84,,0,7498,"[0, 0, 0, 0, 2]",2,"[1, 0, 0]",False,0.0,,False,0.0,"[192, 1, 420, 308]",False,0.0,"[194, 10, 388, 240]",False,0.0,,False,0.0,,,,,False,0.0,,,,4.75,1.0,4.0,True,False,False,0.0,3,False,False,False,0.0,,True,False,False,0.0,4,True,False,False,0.0,4,False,False,False,0.0,,,,,,,False,False,False,0.0,
227,MM-NIAH,counting-image,0,14100,long,8,,0.83,,0,10886,"[0, 0, 0, 0, 0, 0, 2]",2,"[100, 100, 336, 336]",False,0.0,,False,0.0,"[100, 100, 336, 336]",False,0.0,"[100, 100, 308, 336]",False,0.0,"[100, 100, 336, 336]",False,0.0,,,,,False,0.0,,,,4.75,1.0,4.0,True,False,False,0.0,4,False,False,False,0.0,,True,False,False,0.0,4,True,False,False,0.0,4,True,False,False,0.0,4,,,,,,False,False,False,0.0,
228,MM-NIAH,counting-image,0,14274,long,8,,0.64,,0,10991,"[0, 0, 0, 0, 2, 0, 0]",2,"[1, 1, 195, 195]",False,0.0,,False,0.0,[0],False,0.0,[0],False,0.0,"[1, 1, 502, 756]",False,0.0,,,,,False,0.0,,,,4.75,1.0,4.0,True,False,False,0.0,4,False,False,False,0.0,,True,False,False,0.0,1,True,False,False,0.0,1,True,False,False,0.0,4,,,,,,False,False,False,0.0,
229,MM-NIAH,counting-image,0,11686,mid,7,,0.26,,0,8482,"[1, 1, 0, 0, 0, 0]",2,"[10, 10, 19, 17]",False,0.0,,False,0.0,"[10, 10, 19, 17]",False,0.0,"[10, 10, 10]",False,0.0,"[1, 10, 1, 10]",False,0.0,,,,,False,0.0,,,,4.75,1.0,4.0,True,False,False,0.0,4,False,False,False,0.0,,True,False,False,0.0,4,True,False,False,0.0,3,True,False,False,0.0,4,,,,,,False,False,False,0.0,
230,MM-NIAH,counting-image,0,12382,long,7,,0.16,,0,9497,"[2, 0, 0, 0, 0, 0]",2,"[200, 100, 392, 276]",False,0.0,,False,0.0,"[1, 1, 1]",False,0.0,"[200, 100, 392, 276]",False,0.0,"[250, 240, 350, 336]",False,0.0,,,,,False,0.0,,,,4.75,1.0,4.0,True,False,False,0.0,4,False,False,False,0.0,,True,False,False,0.0,3,True,False,False,0.0,4,True,False,False,0.0,4,,,,,,False,False,False,0.0,
231,MM-NIAH,counting-image,0,12201,long,7,,0.56,,0,8778,"[0, 0, 0, 1, 0, 1]",2,"[0, 0, 0]",False,0.0,,False,0.0,"[0, 0, 0]",False,0.0,"[100, 10, 419, 242]",False,0.0,"[1, 1, 504, 308]",False,0.0,,,,,False,0.0,,,,4.75,1.0,4.0,True,False,False,0.0,3,False,False,False,0.0,,True,False,False,0.0,3,True,False,False,0.0,4,True,False,False,0.0,4,,,,,,False,False,False,0.0,
232,MM-NIAH,counting-image,0,10676,mid,6,,0.61,,0,8114,"[0, 0, 2, 0, 0]",2,[],False,0.0,,False,0.0,"[100, 28, 308, 448]",False,0.0,"[10, 10, 302, 442]",False,0.0,,False,0.0,,,,,False,0.0,,,,4.75,1.0,4.0,True,False,False,0.0,0,False,False,False,0.0,,True,False,False,0.0,4,True,False,False,0.0,4,False,False,False,0.0,,,,,,,False,False,False,0.0,
233,MM-NIAH,counting-image,0,13326,long,8,,0.15,,0,9871,"[2, 0, 0, 0, 0, 0, 0]",2,,False,0.0,,False,0.0,"[2, 2]",False,0.0,"[10, 10, 387, 387]",False,0.0,"[1, 1, 1]",False,0.0,,,,,False,0.0,,,,4.75,1.0,4.0,False,False,False,0.0,,False,False,False,0.0,,True,False,False,0.0,2,True,False,False,0.0,4,True,False,False,0.0,3,,,,,,False,False,False,0.0,
234,MM-NIAH,counting-image,0,13548,long,8,,0.27,,0,10071,"[0, 0, 2, 0, 0, 0, 0]",2,"[302, 100, 400, 200]",False,0.0,,False,0.0,"[250, 100, 350, 200]",False,0.0,"[300, 100, 370, 170]",False,0.0,"[280, 280, 350, 350]",False,0.0,,,,,False,0.0,,,,4.75,1.0,4.0,True,False,False,0.0,4,False,False,False,0.0,,True,False,False,0.0,4,True,False,False,0.0,4,True,False,False,0.0,4,,,,,,False,False,False,0.0,
237,MM-NIAH,counting-image,0,14244,long,8,,0.1,,0,10855,"[2, 0, 0, 0, 0, 0, 0]",2,"[1, 1]",False,0.0,,False,0.0,,False,0.0,,False,0.0,"[1, 1, 1]",False,0.0,,,,,False,0.0,,,,4.75,1.0,4.0,True,False,True,0.0,2,False,False,False,0.0,,False,False,False,0.0,,False,False,False,0.0,,True,False,False,0.0,3,,,,,,False,False,False,0.0,
239,MM-NIAH,counting-image,0,11270,mid,7,,0.17,,0,8422,"[0, 2, 0, 0, 0, 0]",2,,False,0.0,,False,0.0,[0],False,0.0,[1],False,0.0,"[0, 0, 0]",False,0.0,,,,,False,0.0,,,,4.75,1.0,4.0,False,False,False,0.0,,False,False,False,0.0,,True,False,False,0.0,1,True,False,False,0.0,1,True,False,False,0.0,3,,,,,,False,False,False,0.0,
240,MM-NIAH,counting-image,0,14068,long,8,,0.23,,0,10881,"[0, 1, 0, 1, 0, 0, 0]",2,,False,0.0,,False,0.0,,False,0.0,,False,0.0,"[0, 0, 0, 0]",False,0.0,,,,,False,0.0,,,,4.75,1.0,4.0,False,False,False,0.0,,False,False,False,0.0,,False,False,False,0.0,,False,False,False,0.0,,True,False,False,0.0,4,,,,,,False,False,False,0.0,
241,MM-NIAH,counting-image,0,12056,long,7,,0.42,,0,9497,"[0, 0, 2, 0, 0, 0]",2,"[0, 0, 0]",False,0.0,,False,0.0,,False,0.0,"[10, 10, 100, 100]",False,0.0,,False,0.0,,,,,False,0.0,,,,4.75,1.0,4.0,True,False,False,0.0,3,False,False,False,0.0,,False,False,False,0.0,,True,False,False,0.0,4,False,False,False,0.0,,,,,,,False,False,False,0.0,
242,MM-NIAH,counting-image,0,10340,mid,6,,0.51,,0,7556,"[0, 0, 0, 2, 0]",2,"[1, 1, 391, 248]",False,0.0,,False,0.0,"[1, 0, 0]",False,0.0,"[0, 0, 0]",False,0.0,"[0, 0, 392, 252]",False,0.0,,,,,False,0.0,,,,4.75,1.0,4.0,True,False,False,0.0,4,False,False,False,0.0,,True,False,False,0.0,3,True,False,False,0.0,3,True,False,False,0.0,4,,,,,,False,False,False,0.0,
244,MM-NIAH,counting-image,0,10547,mid,6,,0.21,,0,8111,"[1, 0, 1, 0, 0]",2,"[200, 100, 308, 222]",False,0.0,,False,0.0,[],False,0.0,[],False,0.0,"[166, 10, 331, 1]",False,0.0,,,,,False,0.0,,,,4.75,1.0,4.0,True,False,False,0.0,4,False,False,False,0.0,,True,False,False,0.0,0,True,False,False,0.0,0,True,False,False,0.0,4,,,,,,False,False,False,0.0,
245,MM-NIAH,counting-image,0,13724,long,8,,0.24,,0,10058,"[0, 2, 0, 0, 0, 0, 0]",2,,False,0.0,,False,0.0,"[24, 1, 38, 24]",False,0.0,"[10, 10, 19, 17]",False,0.0,"[1, 1, 1]",False,0.0,,,,,False,0.0,,,,4.75,1.0,4.0,False,False,False,0.0,,False,False,False,0.0,,True,False,False,0.0,4,True,False,False,0.0,4,True,False,False,0.0,3,,,,,,False,False,False,0.0,
247,MM-NIAH,counting-image,0,14176,long,8,,0.8,,0,10773,"[0, 0, 0, 0, 0, 2, 2]",4,"[100, 100, 419, 336]",False,0.0,,False,0.0,"[1, 1, 1]",False,0.0,"[100, 100, 300]",False,0.0,"[10, 10, 10]",False,0.0,,,,,False,0.0,,,,4.75,1.0,4.0,True,False,False,0.0,4,False,False,False,0.0,,True,False,False,0.0,3,True,False,False,0.0,3,True,False,False,0.0,3,,,,,,False,False,False,0.0,
248,MM-NIAH,counting-image,0,14159,long,8,,0.68,,0,10712,"[0, 0, 0, 2, 1, 0, 2]",5,"[10, 10, 109, 109]",False,0.0,,False,0.0,"[10, 10, 109, 100]",False,0.0,"[1, 1, 195, 195]",False,0.0,"[10, 10, 10]",False,0.0,,,,,False,0.0,,,,4.75,1.0,4.0,True,False,False,0.0,4,False,False,False,0.0,,True,False,False,0.0,4,True,False,False,0.0,4,True,False,False,0.0,3,,,,,,False,False,False,0.0,
251,MM-NIAH,counting-image,0,14499,long,8,,0.46,,0,10797,"[0, 0, 1, 0, 0, 0, 0]",1,,False,0.0,,False,0.0,"[10, 10, 19, 17]",False,0.0,,False,0.0,"[1, 1, 1]",False,0.0,,,,,False,0.0,,,,4.75,1.0,4.0,False,False,False,0.0,,False,False,False,0.0,,True,False,False,0.0,4,False,False,False,0.0,,True,False,False,0.0,3,,,,,,False,False,False,0.0,
253,MM-NIAH,counting-image,0,19685,long,11,,0.56,,0,14710,"[0, 0, 0, 0, 1, 0, 0, 0, 0, 0]",1,,False,0.0,,False,0.0,,False,0.0,"[10, 10, 190, 18]",False,0.0,,False,0.0,2,False,-0.3571434020996094,,False,0.0,0.07142857142857142,4.5,0.3333333333333333,4.75,1.0,4.0,False,False,False,0.0,,False,False,False,0.0,,False,False,False,0.0,,True,False,False,0.0,4,False,False,False,0.0,,,,,,,False,False,False,0.0,
254,MM-NIAH,counting-image,0,14779,long,8,,0.73,,0,10859,"[0, 0, 0, 0, 1, 0, 0]",1,,False,0.0,,False,0.0,,False,0.0,,False,0.0,"[1, 1]",False,0.0,3,True,0.7142848968505859,,False,0.0,0.07142857142857142,5.0,0.25,4.75,1.0,4.0,False,False,False,0.0,,False,False,False,0.0,,False,False,False,0.0,,False,False,False,0.0,,True,False,False,0.0,2,,,,,,False,False,False,0.0,
